review_id,order_id,review_score,review_date
1,1,5,11/12/2024
2,6,4,9/26/2025
3,11,5,5/17/2025
4,12,3,4/16/2025
5,13,5,5/11/2024
6,14,3,5/16/2024
7,15,5,5/19/2024
8,16,4,5/24/2024
9,17,5,10/31/2024
10,22,2,6/18/2024
11,24,4,1/17/2024
12,25,4,5/15/2024
13,27,5,8/5/2025
14,29,4,10/22/2024
15,31,5,7/10/2024
16,32,4,2/14/2025
17,33,4,4/15/2024
18,34,4,5/13/2024
19,36,5,7/29/2025
20,38,3,5/3/2024
21,40,5,2/11/2024
22,41,4,3/23/2024
23,43,4,11/24/2024
24,44,4,2/24/2024
25,45,5,5/8/2025
26,48,3,4/7/2025
27,49,5,7/20/2025
28,50,3,4/6/2025
29,51,5,10/22/2024
30,52,3,5/24/2024
31,53,4,4/1/2024
32,55,5,1/31/2025
33,58,5,8/28/2024
34,60,4,12/3/2024
35,61,4,6/16/2025
36,65,5,5/1/2025
37,66,5,5/16/2024
38,68,4,2/20/2025
39,70,5,3/6/2024
40,71,5,12/10/2024
41,72,5,12/30/2024
42,73,4,8/3/2025
43,74,3,8/16/2025
44,76,3,2/6/2025
45,79,4,8/2/2025
46,80,5,11/6/2025
47,81,5,7/26/2024
48,82,5,1/22/2024
49,84,3,6/8/2025
50,85,5,8/3/2025
51,86,4,10/2/2025
52,88,5,11/26/2024
53,90,4,3/2/2025
54,91,4,11/24/2024
55,94,5,4/25/2025
56,96,4,7/24/2025
57,97,5,3/6/2025
58,99,4,5/5/2025
59,101,3,8/14/2025
60,103,3,4/18/2024
61,107,5,6/9/2025
62,110,4,10/3/2025
63,111,4,10/11/2025
64,114,5,1/29/2024
65,118,4,3/17/2025
66,119,4,10/22/2024
67,120,4,8/18/2024
68,121,5,11/7/2025
69,123,5,8/22/2024
70,124,4,9/29/2024
71,127,5,8/21/2025
72,128,4,6/4/2024
73,130,5,4/30/2024
74,131,5,2/14/2025
75,132,4,8/24/2025
76,134,5,1/8/2025
77,138,5,12/5/2024
78,139,5,5/23/2024
79,140,4,6/11/2024
80,143,2,5/1/2025
81,145,5,12/24/2024
82,147,4,7/24/2025
83,150,5,5/3/2025
84,152,5,3/4/2024
85,153,4,6/1/2025
86,155,5,2/17/2025
87,156,3,4/5/2025
88,158,3,3/15/2024
89,159,5,8/24/2025
90,161,5,9/30/2024
91,162,4,3/27/2024
92,163,4,4/4/2024
93,164,5,11/14/2024
94,165,5,10/29/2025
95,166,4,12/20/2025
96,167,5,7/24/2025
97,169,5,9/11/2024
98,170,4,9/9/2025
99,171,5,9/16/2025
100,172,5,2/22/2025
101,175,5,10/16/2024
102,176,5,11/16/2024
103,177,4,12/26/2024
104,178,5,3/31/2025
105,179,5,11/1/2024
106,180,3,2/18/2025
107,181,5,2/25/2025
108,182,5,3/18/2024
109,189,5,9/20/2024
110,191,5,11/9/2024
111,192,3,12/27/2024
112,194,3,4/7/2024
113,197,5,6/16/2025
114,198,4,9/11/2025
115,199,5,3/20/2024
116,200,5,8/31/2024
117,201,5,1/30/2025
118,202,4,2/23/2024
119,203,5,3/15/2024
120,207,2,7/17/2024
121,211,5,1/14/2025
122,213,4,3/6/2024
123,214,5,3/5/2024
124,216,5,2/24/2025
125,217,4,3/10/2025
126,219,5,12/16/2024
127,220,5,5/15/2024
128,221,4,2/27/2025
129,222,4,1/14/2025
130,224,5,10/8/2025
131,225,4,10/21/2025
132,227,5,8/31/2025
133,229,4,3/22/2024
134,230,3,4/24/2024
135,231,4,9/17/2024
136,234,3,1/25/2025
137,236,4,2/18/2024
138,237,4,6/28/2024
139,241,5,2/15/2024
140,242,4,1/13/2025
141,243,4,1/31/2025
142,244,5,6/6/2024
143,245,5,8/6/2024
144,246,4,4/29/2024
145,247,4,4/30/2024
146,248,4,5/1/2025
147,249,4,3/24/2025
148,250,4,2/19/2024
149,251,3,4/18/2024
150,253,5,8/2/2025
151,256,5,3/12/2024
152,257,5,11/5/2024
153,258,5,10/29/2024
154,261,4,11/20/2024
155,262,4,6/20/2024
156,263,4,12/5/2024
157,265,5,12/6/2024
158,266,4,9/6/2025
159,271,5,5/22/2025
160,272,5,10/21/2025
161,273,3,12/11/2024
162,274,4,1/2/2025
163,275,5,7/10/2025
164,277,4,10/8/2024
165,278,5,6/18/2024
166,280,5,11/21/2024
167,281,4,1/11/2025
168,282,4,8/20/2025
169,283,5,5/25/2025
170,284,5,1/27/2025
171,285,4,9/8/2025
172,286,4,10/30/2025
173,290,5,3/16/2024
174,292,5,1/30/2025
175,296,4,12/3/2024
176,298,5,7/8/2025
177,299,4,10/16/2025
178,301,5,7/26/2025
179,302,5,7/16/2024
180,304,5,7/28/2025
181,305,5,1/6/2025
182,306,4,5/12/2024
183,308,5,10/6/2024
184,310,4,9/27/2025
185,311,4,9/20/2024
186,312,4,9/20/2025
187,314,4,7/8/2025
188,315,5,12/10/2024
189,317,5,4/7/2024
190,319,4,3/11/2024
191,323,5,7/9/2024
192,324,5,8/2/2024
193,325,5,8/11/2024
194,326,3,9/25/2024
195,327,3,5/23/2024
196,328,4,7/30/2025
197,329,4,4/7/2024
198,330,4,5/7/2024
199,332,5,5/15/2024
200,333,5,6/14/2024
201,335,4,5/4/2024
202,336,4,6/12/2024
203,337,4,1/27/2025
204,339,5,9/15/2025
205,340,5,2/12/2024
206,341,4,3/29/2024
207,342,5,12/10/2024
208,343,5,10/17/2025
209,344,5,2/1/2024
210,345,5,9/5/2024
211,346,5,9/8/2024
212,347,4,4/12/2025
213,348,3,6/15/2025
214,350,5,9/19/2025
215,351,5,11/7/2024
216,352,5,8/25/2025
217,353,4,8/27/2025
218,355,4,3/14/2024
219,360,5,5/28/2024
220,361,4,6/6/2024
221,363,5,10/13/2024
222,364,4,11/15/2024
223,365,4,6/28/2025
224,366,4,7/2/2025
225,367,5,6/30/2025
226,368,4,11/3/2025
227,369,5,10/9/2024
228,371,4,4/24/2024
229,374,5,6/7/2024
230,375,3,6/18/2024
231,377,5,7/3/2025
232,378,4,7/27/2025
233,381,4,9/22/2025
234,382,4,10/14/2025
235,383,3,7/11/2024
236,385,3,7/20/2024
237,387,5,11/14/2024
238,390,5,4/18/2024
239,391,4,8/8/2024
240,393,5,8/3/2024
241,394,5,10/1/2024
242,395,5,1/9/2024
243,396,5,4/25/2024
244,397,3,7/6/2025
245,400,4,3/5/2025
246,403,2,9/25/2024
247,404,4,3/13/2025
248,405,3,4/4/2024
249,406,4,5/28/2024
250,407,4,4/15/2025
251,411,5,2/25/2025
252,412,3,4/16/2025
253,414,5,5/4/2025
254,415,4,6/11/2025
255,417,3,9/5/2024
256,418,5,8/27/2025
257,419,5,10/18/2025
258,422,4,2/23/2025
259,423,4,5/14/2025
260,425,5,9/24/2025
261,427,5,2/9/2025
262,428,5,9/17/2024
263,431,5,4/1/2025
264,432,5,5/8/2025
265,433,4,10/18/2025
266,434,4,12/5/2025
267,435,4,9/20/2025
268,438,5,9/6/2025
269,441,4,2/27/2025
270,444,3,9/2/2024
271,445,5,3/3/2025
272,447,4,5/18/2025
273,448,4,10/4/2025
274,450,4,10/24/2025
275,453,5,8/29/2024
276,454,5,6/28/2025
277,455,4,1/19/2024
278,456,4,7/30/2024
279,457,4,8/7/2024
280,458,4,9/2/2024
281,460,4,7/19/2025
282,461,4,5/8/2024
283,465,3,2/26/2025
284,466,2,6/3/2025
285,467,4,11/4/2025
286,470,5,1/7/2025
287,471,3,6/2/2025
288,475,5,5/1/2025
289,476,5,1/23/2024
290,478,4,11/30/2024
291,479,4,12/12/2024
292,480,5,6/28/2024
293,481,4,4/5/2025
294,482,5,4/22/2025
295,483,4,12/24/2024
296,487,4,6/4/2024
297,489,5,8/31/2024
298,490,5,7/30/2024
299,491,4,8/31/2024
300,492,3,7/25/2025
301,494,5,9/10/2024
302,495,5,11/21/2024
303,497,4,2/21/2025
304,498,4,3/11/2025
305,499,4,4/15/2025
306,500,5,5/11/2025
307,501,5,7/5/2025
308,502,4,10/31/2024
309,504,4,1/6/2026
310,505,4,10/15/2024
311,506,5,1/20/2024
312,507,5,3/18/2024
313,508,5,3/22/2024
314,510,5,11/26/2024
315,511,5,11/9/2024
316,514,4,11/16/2024
317,515,4,4/18/2024
318,516,4,7/21/2024
319,517,5,8/3/2025
320,519,5,7/22/2025
321,520,5,6/27/2024
322,521,3,7/1/2025
323,523,5,9/15/2024
324,524,4,9/21/2024
325,525,4,1/30/2025
326,526,4,8/2/2024
327,529,4,2/27/2025
328,531,5,3/22/2025
329,532,4,6/2/2024
330,533,5,1/28/2024
331,534,4,11/10/2025
332,535,4,11/5/2025
333,537,4,9/30/2025
334,538,4,10/6/2025
335,539,5,4/6/2024
336,540,5,4/20/2024
337,541,4,5/25/2025
338,542,4,8/28/2025
339,543,5,12/12/2024
340,544,4,3/5/2025
341,547,4,6/24/2025
342,548,4,1/9/2025
343,550,4,10/19/2025
344,555,4,2/23/2025
345,556,5,12/10/2024
346,557,3,3/4/2025
347,559,3,11/2/2025
348,560,3,1/2/2026
349,561,4,3/9/2025
350,562,4,5/20/2025
351,563,3,5/31/2024
352,565,4,10/6/2025
353,566,4,3/5/2024
354,567,4,8/25/2024
355,568,4,10/29/2025
356,569,5,3/15/2025
357,570,4,4/27/2025
358,571,2,2/1/2025
359,572,5,7/14/2025
360,574,4,7/21/2024
361,575,5,8/28/2024
362,577,4,6/22/2025
363,578,5,6/12/2025
364,579,5,6/14/2025
365,580,4,7/15/2024
366,581,5,9/6/2024
367,583,5,12/6/2024
368,584,5,1/18/2025
369,587,5,5/5/2024
370,588,4,3/1/2024
371,589,4,3/13/2024
372,593,4,12/6/2024
373,594,4,12/20/2024
374,595,5,6/24/2025
375,596,5,8/17/2025
376,597,4,10/16/2025
377,598,5,10/24/2025
378,599,4,8/14/2024
379,601,5,11/22/2024
380,603,4,1/11/2024
381,605,4,2/19/2024
382,607,3,8/2/2024
383,608,5,2/15/2024
384,609,5,3/6/2024
385,613,5,5/24/2025
386,614,5,6/1/2025
387,615,4,7/31/2025
388,617,4,5/10/2024
389,618,4,5/1/2025
390,619,4,8/1/2025
391,620,5,9/15/2025
392,621,4,11/7/2025
393,622,4,4/13/2024
394,623,4,4/17/2024
395,624,4,2/21/2025
396,625,5,8/28/2024
397,626,4,3/7/2024
398,627,5,9/21/2024
399,628,4,7/22/2025
400,629,5,12/21/2024
401,633,3,5/17/2025
402,634,3,5/21/2025
403,636,5,11/18/2024
404,637,4,5/19/2025
405,641,4,7/28/2024
406,643,5,10/5/2024
407,647,4,3/15/2025
408,648,5,4/29/2025
409,650,4,5/19/2025
410,651,5,12/28/2024
411,655,5,2/19/2024
412,656,3,3/28/2024
413,657,4,5/14/2024
414,658,4,7/7/2025
415,659,5,9/22/2025
416,661,5,10/8/2025
417,663,5,8/14/2025
418,666,5,8/14/2024
419,669,5,2/13/2025
420,670,4,8/4/2025
421,671,4,5/12/2025
422,674,4,8/4/2025
423,675,5,3/31/2025
424,677,3,5/24/2025
425,679,3,10/4/2024
426,680,5,10/10/2024
427,682,5,12/21/2024
428,684,4,6/21/2025
429,685,5,6/6/2025
430,686,5,9/11/2025
431,688,4,11/16/2025
432,689,5,3/9/2024
433,690,5,2/16/2024
434,691,4,9/4/2024
435,692,5,1/23/2025
436,693,4,9/6/2025
437,694,4,9/10/2025
438,696,4,10/16/2025
439,698,5,11/2/2024
440,699,4,2/4/2025
441,700,3,8/3/2024
442,701,4,8/12/2024
443,703,4,12/8/2024
444,704,3,1/29/2025
445,705,5,2/22/2025
446,706,4,8/29/2025
447,707,5,8/28/2025
448,708,4,6/6/2025
449,709,4,6/29/2024
450,710,4,7/7/2024
451,711,3,2/6/2025
452,712,5,1/10/2025
453,714,4,11/22/2024
454,715,4,12/1/2024
455,718,5,1/27/2025
456,721,5,5/30/2025
457,722,4,9/4/2024
458,723,5,9/8/2024
459,724,4,7/20/2024
460,725,5,8/16/2024
461,726,4,3/8/2024
462,727,5,5/12/2024
463,728,5,5/15/2024
464,732,4,1/21/2025
465,733,5,2/9/2025
466,734,5,9/22/2025
467,735,4,8/18/2025
468,736,3,3/26/2025
469,737,3,8/3/2024
470,738,5,1/27/2025
471,739,4,5/7/2025
472,740,3,6/3/2025
473,742,5,4/15/2025
474,744,4,5/25/2025
475,745,5,6/28/2025
476,746,3,12/18/2024
477,747,4,8/2/2024
478,748,3,6/17/2024
479,751,5,7/18/2024
480,754,5,3/4/2025
481,755,4,8/9/2025
482,758,4,3/14/2024
483,759,5,2/18/2025
484,760,3,9/12/2025
485,761,4,8/19/2025
486,762,3,6/12/2025
487,763,5,5/6/2024
488,764,5,8/11/2024
489,768,4,5/28/2025
490,769,5,4/2/2025
491,770,3,5/5/2025
492,771,5,4/22/2024
493,772,5,3/23/2024
494,774,4,9/1/2024
495,776,5,9/25/2024
496,778,3,10/27/2024
497,779,3,12/7/2024
498,781,4,7/17/2025
499,783,5,2/18/2024
500,784,3,10/14/2024
501,785,4,10/20/2025
502,786,5,11/3/2024
503,788,3,5/4/2025
504,789,5,5/3/2025
505,791,5,4/10/2025
506,792,4,4/3/2025
507,794,4,12/25/2024
508,796,4,10/29/2025
509,797,5,2/5/2025
510,798,5,9/17/2024
511,799,5,4/8/2025
512,801,4,8/1/2025
513,804,4,5/21/2025
514,805,5,6/13/2025
515,806,4,8/30/2025
516,807,5,9/21/2025
517,808,5,6/17/2024
518,809,5,2/23/2025
519,811,4,5/2/2024
520,812,5,3/16/2025
521,813,5,12/28/2024
522,814,4,8/5/2024
523,815,4,8/31/2024
524,816,4,11/20/2024
525,819,4,6/8/2025
526,820,4,8/3/2024
527,821,5,5/16/2024
528,823,4,6/3/2024
529,827,4,9/7/2025
530,834,5,6/29/2025
531,836,4,1/27/2024
532,837,4,4/6/2025
533,838,5,3/16/2024
534,839,3,5/3/2024
535,841,5,11/4/2025
536,842,4,10/12/2024
537,844,4,11/24/2024
538,845,3,2/28/2024
539,846,3,8/9/2024
540,847,4,8/30/2024
541,848,4,10/24/2025
542,849,4,9/25/2025
543,850,4,7/2/2025
544,851,4,7/6/2025
545,852,5,7/12/2024
546,853,3,11/19/2024
547,854,4,7/24/2025
548,856,2,11/23/2025
549,858,4,4/28/2024
550,859,4,5/24/2024
551,860,3,6/30/2024
552,862,4,1/20/2024
553,863,5,1/26/2024
554,867,3,6/16/2024
555,871,5,3/23/2024
556,872,5,4/17/2024
557,874,5,10/15/2025
558,875,3,12/17/2024
559,876,4,3/11/2025
560,881,3,6/4/2025
561,883,5,4/6/2025
562,888,3,8/25/2024
563,889,4,10/24/2025
564,890,5,9/21/2025
565,891,4,9/21/2025
566,892,4,2/14/2025
567,894,5,4/7/2024
568,895,5,3/15/2025
569,896,4,5/9/2025
570,898,4,12/5/2025
571,900,5,3/26/2025
572,901,5,2/13/2025
573,905,5,5/1/2024
574,906,5,1/12/2025
575,907,4,3/11/2024
576,908,4,2/18/2024
577,909,4,8/2/2024
578,910,3,10/30/2024
579,913,4,8/20/2024
580,915,4,9/16/2024
581,916,4,6/20/2024
582,918,4,6/12/2024
583,920,4,4/5/2024
584,921,4,4/15/2024
585,922,5,6/22/2024
586,923,2,1/24/2024
587,924,5,3/16/2025
588,925,4,6/28/2025
589,926,5,8/16/2025
590,928,5,6/1/2024
591,929,4,11/1/2025
592,930,5,1/19/2024
593,932,4,10/29/2024
594,934,3,12/15/2024
595,936,3,3/23/2025
596,939,5,5/28/2024
597,940,5,9/25/2024
598,942,4,2/21/2024
599,946,3,8/11/2024
600,947,5,4/2/2024
601,949,3,11/11/2024
602,950,3,12/21/2024
603,951,5,6/1/2025
604,952,4,3/18/2024
605,955,5,8/5/2024
606,956,3,8/30/2024
607,958,4,8/28/2024
608,961,4,10/25/2024
609,962,5,9/30/2025
610,964,3,11/30/2024
611,965,4,8/3/2024
612,966,4,9/4/2025
613,967,5,1/9/2025
614,968,5,10/10/2024
615,969,3,1/22/2025
616,971,5,11/14/2024
617,972,5,10/2/2025
618,973,4,10/2/2024
619,974,4,3/10/2024
620,975,4,3/27/2024
621,979,2,5/17/2025
622,980,5,6/18/2025
623,982,4,4/8/2024
624,985,4,1/4/2025
625,987,4,10/8/2024
626,989,5,12/26/2024
627,990,5,7/23/2025
628,991,5,5/7/2025
629,992,5,5/14/2025
630,994,5,10/9/2025
631,996,4,8/18/2025
632,997,4,11/1/2024
633,998,4,9/1/2024
634,1000,4,1/1/2025
635,1004,5,4/8/2024
636,1007,4,3/8/2024
637,1008,4,10/19/2025
638,1009,4,10/30/2025
639,1011,5,6/27/2025
640,1013,5,2/28/2025
641,1015,4,1/23/2024
642,1016,5,2/11/2024
643,1017,5,4/21/2024
644,1018,4,4/2/2024
645,1019,5,6/6/2025
646,1021,4,12/14/2024
647,1029,3,1/20/2025
648,1030,3,1/19/2024
649,1031,4,5/17/2024
650,1032,4,7/27/2024
651,1033,4,8/13/2024
652,1034,4,11/2/2024
653,1035,3,11/15/2024
654,1036,5,4/9/2024
655,1038,4,9/27/2024
656,1039,3,11/15/2024
657,1041,4,4/13/2025
658,1044,4,5/8/2025
659,1045,4,10/2/2024
660,1046,5,9/28/2024
661,1047,4,3/8/2025
662,1048,4,4/22/2025
663,1050,4,5/15/2024
664,1051,3,9/6/2024
665,1052,3,12/30/2024
666,1053,4,2/23/2025
667,1061,4,9/15/2024
668,1062,3,5/15/2025
669,1064,5,3/20/2025
670,1067,4,7/10/2024
671,1068,5,7/8/2024
672,1069,5,8/22/2024
673,1071,5,4/6/2024
674,1073,4,1/10/2025
675,1074,4,2/6/2025
676,1077,4,5/8/2024
677,1078,4,10/3/2024
678,1079,4,5/23/2025
679,1081,5,6/13/2025
680,1083,3,10/23/2025
681,1087,5,10/30/2025
682,1088,4,11/10/2025
683,1089,5,11/18/2025
684,1091,3,4/5/2024
685,1093,4,11/14/2024
686,1094,3,1/22/2025
687,1095,3,7/31/2024
688,1099,4,7/3/2025
689,1102,4,2/14/2024
690,1103,4,8/7/2024
691,1104,3,3/24/2025
692,1108,4,11/29/2024
693,1110,4,8/20/2024
694,1111,3,2/25/2024
695,1112,5,1/26/2024
696,1114,5,3/28/2025
697,1115,5,7/11/2024
698,1117,5,12/20/2024
699,1118,3,8/18/2024
700,1119,4,5/14/2025
701,1121,4,8/28/2024
702,1123,4,8/23/2025
703,1124,4,10/6/2025
704,1125,5,10/28/2025
705,1128,5,8/2/2024
706,1129,4,9/30/2024
707,1133,4,7/15/2025
708,1137,5,7/16/2024
709,1139,4,5/9/2025
710,1141,3,3/9/2025
711,1143,5,6/12/2024
712,1146,5,2/25/2024
713,1147,4,2/28/2024
714,1148,5,3/8/2024
715,1149,5,4/1/2025
716,1151,5,6/10/2025
717,1152,5,10/11/2025
718,1153,4,9/2/2024
719,1154,4,2/14/2025
720,1156,3,10/26/2025
721,1157,4,11/16/2025
722,1158,5,3/3/2025
723,1160,4,9/11/2024
724,1161,5,3/19/2024
725,1164,5,1/13/2024
726,1166,3,8/1/2024
727,1167,5,6/30/2025
728,1169,4,10/9/2025
729,1170,5,1/25/2025
730,1172,3,3/24/2024
731,1173,4,7/1/2024
732,1175,4,9/20/2024
733,1176,4,9/21/2024
734,1177,3,11/6/2024
735,1178,3,12/22/2024
736,1180,3,6/21/2024
737,1181,4,10/17/2024
738,1182,4,11/18/2024
739,1185,4,5/10/2025
740,1186,5,1/23/2025
741,1188,5,3/14/2025
742,1190,3,2/6/2025
743,1191,5,2/9/2025
744,1192,3,6/16/2025
745,1193,3,7/20/2025
746,1194,4,8/9/2025
747,1196,4,9/24/2025
748,1198,3,5/24/2025
749,1199,4,12/13/2024
750,1201,3,5/13/2025
751,1202,5,10/5/2024
752,1203,4,10/17/2024
753,1207,3,4/30/2024
754,1208,5,10/9/2024
755,1211,5,4/21/2025
756,1212,5,4/27/2024
757,1214,3,5/22/2025
758,1215,5,6/9/2024
759,1219,4,10/20/2024
760,1223,3,10/24/2024
761,1224,5,1/21/2024
762,1226,5,5/5/2024
763,1227,4,9/5/2025
764,1228,3,11/4/2025
765,1231,5,4/5/2024
766,1232,5,12/7/2024
767,1235,4,9/8/2025
768,1236,2,12/16/2025
769,1237,5,10/29/2025
770,1238,4,9/28/2025
771,1240,4,12/15/2025
772,1241,3,4/21/2025
773,1242,5,5/28/2025
774,1243,5,9/28/2025
775,1246,5,7/25/2024
776,1247,5,8/26/2024
777,1249,4,10/25/2024
778,1251,4,1/5/2025
779,1253,4,3/9/2025
780,1254,4,5/2/2025
781,1256,4,9/6/2025
782,1257,2,7/28/2025
783,1259,5,10/31/2025
784,1260,5,4/19/2025
785,1261,4,5/7/2025
786,1262,4,1/28/2025
787,1263,4,3/2/2025
788,1265,5,11/8/2024
789,1267,3,1/8/2025
790,1268,5,1/7/2024
791,1269,5,2/19/2024
792,1271,5,10/1/2024
793,1273,4,7/25/2024
794,1274,5,5/2/2025
795,1277,5,11/3/2025
796,1279,4,7/23/2024
797,1282,4,4/27/2024
798,1283,5,8/29/2024
799,1287,3,10/21/2024
800,1288,5,9/15/2025
801,1290,5,10/8/2024
802,1291,5,4/30/2025
803,1292,5,2/24/2025
804,1293,5,5/26/2025
805,1294,4,3/8/2025
806,1296,3,2/26/2025
807,1297,4,7/25/2025
808,1299,4,12/18/2024
809,1302,5,5/21/2025
810,1304,3,9/7/2025
811,1307,5,12/27/2025
812,1308,4,7/20/2024
813,1311,4,6/10/2025
814,1312,3,9/1/2024
815,1313,5,9/7/2024
816,1314,5,8/26/2024
817,1317,5,6/2/2024
818,1318,4,5/6/2024
819,1319,5,4/6/2025
820,1322,4,5/27/2024
821,1323,5,6/19/2024
822,1326,5,11/6/2025
823,1327,3,12/17/2025
824,1328,5,10/7/2024
825,1329,3,10/25/2024
826,1330,5,1/12/2024
827,1333,3,2/6/2024
828,1334,3,7/15/2025
829,1335,4,5/10/2024
830,1336,5,10/22/2024
831,1337,4,1/13/2025
832,1339,5,9/24/2024
833,1341,4,8/11/2025
834,1343,3,7/9/2024
835,1347,5,3/4/2024
836,1348,4,3/12/2024
837,1349,4,10/11/2024
838,1352,4,10/21/2024
839,1353,4,4/23/2024
840,1355,4,9/14/2024
841,1358,5,5/24/2025
842,1361,5,7/22/2024
843,1363,4,12/24/2024
844,1364,5,8/3/2024
845,1365,4,9/6/2025
846,1368,5,6/22/2025
847,1369,5,4/14/2025
848,1370,4,4/24/2025
849,1372,4,1/11/2025
850,1373,2,3/14/2025
851,1374,4,5/17/2025
852,1375,4,5/24/2024
853,1376,4,1/10/2025
854,1378,3,7/10/2024
855,1379,3,8/28/2024
856,1382,3,4/24/2025
857,1383,3,5/2/2025
858,1385,5,4/6/2025
859,1388,5,6/3/2025
860,1389,5,8/9/2025
861,1390,4,9/16/2024
862,1391,5,10/2/2024
863,1393,3,10/6/2025
864,1395,5,10/10/2024
865,1397,5,1/14/2024
866,1398,3,8/6/2024
867,1401,4,7/22/2024
868,1402,5,7/28/2024
869,1403,3,10/23/2024
870,1404,5,4/19/2025
871,1406,5,4/28/2024
872,1409,5,6/21/2024
873,1410,3,4/16/2025
874,1412,5,4/19/2024
875,1415,5,10/13/2024
876,1416,4,6/20/2024
877,1417,5,12/24/2024
878,1419,5,3/15/2025
879,1421,5,4/19/2025
880,1422,3,4/29/2025
881,1423,5,5/18/2024
882,1424,3,7/6/2024
883,1426,4,7/10/2024
884,1428,5,1/7/2025
885,1431,5,4/4/2025
886,1432,4,5/15/2024
887,1433,3,9/15/2024
888,1434,3,9/4/2025
889,1435,4,9/12/2025
890,1438,4,11/10/2025
891,1439,3,11/18/2025
892,1441,4,6/4/2024
893,1443,5,9/25/2025
894,1444,3,4/19/2025
895,1445,4,4/5/2025
896,1446,4,5/7/2025
897,1447,4,5/3/2025
898,1448,4,6/12/2025
899,1449,3,10/31/2024
900,1450,5,5/30/2024
901,1453,4,2/3/2024
902,1454,5,4/3/2024
903,1455,3,3/19/2024
904,1456,4,9/22/2025
905,1458,4,5/8/2024
906,1459,3,1/10/2025
907,1461,4,11/10/2024
908,1463,4,4/7/2024
909,1464,3,6/21/2025
910,1465,4,10/30/2025
911,1466,3,11/8/2025
912,1468,5,12/5/2025
913,1470,5,7/22/2024
914,1472,3,7/18/2025
915,1474,4,5/26/2024
916,1475,3,8/3/2024
917,1477,5,7/6/2024
918,1478,4,5/24/2025
919,1479,5,7/23/2025
920,1480,4,8/1/2024
921,1481,5,9/13/2024
922,1483,5,7/19/2024
923,1484,5,8/6/2024
924,1485,4,1/14/2024
925,1487,3,11/14/2024
926,1488,5,7/9/2025
927,1490,3,4/5/2024
928,1491,3,7/25/2024
929,1492,3,10/8/2024
930,1496,4,9/10/2024
931,1497,5,7/23/2024
932,1498,4,10/21/2024
933,1499,5,8/14/2025
934,1501,4,6/8/2025
935,1502,4,3/29/2025
936,1504,4,2/7/2024
937,1505,4,2/12/2024
938,1507,5,4/22/2024
939,1508,5,6/3/2024
940,1509,5,8/30/2025
941,1511,4,3/21/2025
942,1512,3,9/8/2025
943,1519,5,9/7/2024
944,1520,4,7/5/2025
945,1521,5,7/23/2025
946,1522,4,8/15/2025
947,1524,4,3/25/2025
948,1525,5,10/10/2024
949,1526,4,7/13/2025
950,1527,3,9/14/2025
951,1529,4,1/28/2025
952,1531,5,7/17/2024
953,1534,4,3/10/2025
954,1535,3,3/22/2025
955,1537,5,2/20/2025
956,1538,3,12/8/2024
957,1539,4,8/5/2024
958,1541,4,2/2/2024
959,1543,4,8/1/2024
960,1545,4,8/21/2024
961,1548,5,7/8/2025
962,1550,5,10/21/2025
963,1551,4,11/14/2025
964,1552,5,10/27/2025
965,1553,3,6/23/2024
966,1555,4,8/15/2025
967,1556,3,1/5/2026
968,1557,3,3/15/2025
969,1558,5,6/21/2024
970,1559,5,1/9/2025
971,1561,3,6/21/2025
972,1562,4,9/4/2024
973,1564,4,3/26/2025
974,1565,5,7/9/2025
975,1566,5,10/20/2025
976,1572,5,2/21/2025
977,1573,4,9/12/2024
978,1576,3,8/1/2025
979,1577,4,8/18/2025
980,1580,4,8/12/2024
981,1581,5,2/4/2024
982,1582,4,1/14/2024
983,1583,5,1/28/2024
984,1584,5,6/17/2025
985,1585,5,1/29/2025
986,1586,4,7/29/2025
987,1587,4,8/1/2025
988,1588,5,8/18/2025
989,1591,3,5/6/2025
990,1592,4,5/19/2025
991,1595,5,1/30/2025
992,1599,4,1/23/2024
993,1600,4,1/22/2025
994,1602,3,8/14/2025
995,1606,5,8/16/2025
996,1607,5,9/20/2025
997,1608,4,10/11/2025
998,1611,4,3/2/2025
999,1612,4,12/12/2024
1000,1613,4,1/31/2025
1001,1614,3,4/3/2025
1002,1616,5,9/10/2025
1003,1617,4,5/9/2024
1004,1618,3,3/20/2025
1005,1620,5,11/22/2024
1006,1621,5,1/25/2025
1007,1623,5,12/2/2024
1008,1624,5,1/7/2025
1009,1626,3,2/25/2024
1010,1627,5,4/3/2024
1011,1628,5,3/10/2024
1012,1629,5,12/21/2024
1013,1630,5,6/19/2024
1014,1631,5,6/18/2024
1015,1632,4,5/30/2024
1016,1633,5,5/12/2024
1017,1634,5,6/7/2024
1018,1635,4,2/10/2025
1019,1636,4,4/16/2025
1020,1639,4,7/16/2024
1021,1640,5,1/25/2025
1022,1642,4,10/18/2024
1023,1643,2,9/4/2024
1024,1644,5,10/6/2024
1025,1646,3,8/4/2024
1026,1647,4,8/29/2024
1027,1650,3,6/25/2024
1028,1651,3,11/23/2024
1029,1652,4,6/15/2024
1030,1653,5,7/24/2024
1031,1654,5,8/27/2024
1032,1656,5,7/13/2025
1033,1657,5,8/10/2025
1034,1658,4,8/24/2025
1035,1659,3,5/26/2025
1036,1660,5,6/15/2025
1037,1661,4,1/14/2025
1038,1662,5,4/21/2024
1039,1667,5,8/23/2024
1040,1668,3,10/31/2025
1041,1669,4,7/18/2024
1042,1670,2,8/31/2024
1043,1673,5,8/2/2025
1044,1674,4,9/12/2025
1045,1676,4,1/25/2025
1046,1677,5,6/24/2024
1047,1678,3,7/5/2024
1048,1680,2,4/9/2025
1049,1681,4,12/24/2024
1050,1682,4,10/6/2025
1051,1683,4,10/24/2025
1052,1684,4,12/1/2025
1053,1687,5,1/15/2024
1054,1689,5,1/10/2024
1055,1695,4,3/21/2025
1056,1698,4,4/11/2025
1057,1699,5,7/27/2024
1058,1700,5,8/8/2024
1059,1701,5,1/15/2024
1060,1704,4,1/21/2025
1061,1705,5,3/30/2025
1062,1706,3,4/23/2024
1063,1707,5,10/23/2025
1064,1708,4,11/2/2025
1065,1709,5,2/15/2025
1066,1712,5,4/6/2025
1067,1713,4,2/27/2025
1068,1714,5,5/27/2025
1069,1716,5,10/22/2024
1070,1717,4,11/15/2024
1071,1721,4,6/9/2024
1072,1722,4,6/5/2025
1073,1724,5,11/16/2024
1074,1728,5,8/13/2024
1075,1729,5,6/17/2025
1076,1733,5,9/21/2024
1077,1735,5,8/29/2024
1078,1736,5,3/30/2024
1079,1738,4,7/3/2024
1080,1739,4,3/17/2024
1081,1741,4,2/24/2024
1082,1742,2,6/21/2024
1083,1743,3,9/19/2024
1084,1744,5,2/9/2024
1085,1745,4,10/14/2024
1086,1746,4,11/7/2024
1087,1747,4,8/31/2024
1088,1748,4,9/7/2024
1089,1749,3,10/23/2024
1090,1750,4,1/13/2025
1091,1751,4,5/16/2025
1092,1752,5,1/27/2024
1093,1753,4,3/11/2024
1094,1754,4,8/16/2025
1095,1755,4,5/15/2025
1096,1756,5,5/16/2025
1097,1758,3,11/21/2024
1098,1759,5,9/7/2025
1099,1761,3,1/15/2025
1100,1762,2,1/22/2025
1101,1764,4,1/31/2024
1102,1766,5,12/3/2024
1103,1767,5,12/29/2024
1104,1768,5,4/30/2024
1105,1769,4,5/22/2024
1106,1770,4,2/29/2024
1107,1771,4,4/20/2024
1108,1772,3,4/13/2025
1109,1773,5,6/13/2025
1110,1774,4,7/20/2025
1111,1776,4,2/20/2025
1112,1777,5,3/31/2025
1113,1778,3,8/12/2024
1114,1780,4,5/30/2025
1115,1781,5,3/31/2025
1116,1782,5,5/6/2025
1117,1783,5,8/7/2025
1118,1786,3,5/9/2024
1119,1787,4,3/2/2024
1120,1789,5,9/7/2024
1121,1790,5,9/8/2024
1122,1792,5,7/18/2025
1123,1793,4,10/2/2025
1124,1794,4,5/7/2025
1125,1796,5,10/25/2025
1126,1797,4,9/25/2024
1127,1798,5,10/5/2024
1128,1799,3,1/9/2025
1129,1800,4,2/20/2025
1130,1802,5,6/10/2025
1131,1803,4,9/20/2025
1132,1805,5,3/16/2025
1133,1808,4,10/30/2024
1134,1810,5,12/7/2024
1135,1811,5,12/9/2024
1136,1812,4,10/13/2025
1137,1813,5,4/26/2025
1138,1815,4,11/19/2024
1139,1816,4,8/22/2025
1140,1817,5,3/18/2024
1141,1819,5,8/6/2025
1142,1820,5,1/18/2024
1143,1821,4,5/30/2024
1144,1822,5,7/15/2025
1145,1823,4,1/24/2024
1146,1824,5,3/12/2024
1147,1825,5,9/18/2024
1148,1826,5,4/18/2025
1149,1827,5,4/18/2025
1150,1830,4,6/10/2025
1151,1831,4,4/9/2024
1152,1832,5,9/25/2025
1153,1833,5,6/28/2024
1154,1835,4,5/27/2024
1155,1836,4,9/12/2025
1156,1841,5,7/5/2024
1157,1842,4,5/9/2024
1158,1843,4,7/17/2024
1159,1844,5,1/23/2025
1160,1847,5,9/24/2024
1161,1850,4,4/4/2025
1162,1852,5,4/7/2025
1163,1853,4,5/7/2025
1164,1854,5,9/18/2025
1165,1859,3,6/19/2024
1166,1860,5,2/1/2024
1167,1861,4,11/12/2024
1168,1863,4,2/20/2025
1169,1864,5,10/27/2025
1170,1866,5,11/15/2024
1171,1867,4,6/23/2024
1172,1868,5,6/20/2024
1173,1871,3,5/31/2024
1174,1873,5,2/11/2024
1175,1874,4,2/20/2024
1176,1875,5,2/28/2024
1177,1876,5,4/24/2025
1178,1879,4,3/10/2025
1179,1880,4,8/19/2024
1180,1881,5,8/20/2024
1181,1883,5,1/10/2025
1182,1884,4,7/15/2025
1183,1885,3,8/17/2025
1184,1886,5,5/2/2024
1185,1887,5,9/5/2024
1186,1888,5,12/5/2024
1187,1889,5,3/24/2025
1188,1890,4,6/1/2024
1189,1891,4,1/17/2024
1190,1892,4,10/25/2024
1191,1894,3,1/31/2025
1192,1895,5,2/6/2025
1193,1897,4,6/4/2025
1194,1898,4,10/6/2025
1195,1904,5,10/16/2025
1196,1906,4,10/13/2025
1197,1907,5,9/5/2025
1198,1908,5,5/18/2024
1199,1909,3,8/14/2025
1200,1910,4,6/9/2024
1201,1911,4,5/12/2025
1202,1912,3,5/3/2025
1203,1913,4,6/16/2024
1204,1915,4,1/23/2025
1205,1917,5,6/17/2024
1206,1919,4,3/25/2025
1207,1920,4,4/28/2025
1208,1922,3,9/27/2024
1209,1924,5,3/1/2025
1210,1926,5,12/10/2024
1211,1927,3,9/9/2025
1212,1929,3,10/24/2024
1213,1930,5,7/8/2024
1214,1931,4,6/1/2024
1215,1934,4,8/21/2024
1216,1935,4,11/17/2024
1217,1936,5,5/31/2024
1218,1937,3,6/24/2024
1219,1938,5,1/19/2024
1220,1940,5,3/2/2025
1221,1941,4,3/29/2025
1222,1942,5,9/7/2024
1223,1943,4,10/5/2024
1224,1945,5,4/22/2024
1225,1946,4,6/8/2024
1226,1947,4,4/4/2024
1227,1948,4,5/28/2024
1228,1949,5,6/10/2024
1229,1950,5,5/19/2024
1230,1951,5,12/11/2024
1231,1952,3,1/9/2024
1232,1953,4,11/28/2024
1233,1954,4,12/26/2024
1234,1955,5,2/18/2025
1235,1956,5,2/26/2025
1236,1959,3,9/8/2025
1237,1961,4,12/22/2024
1238,1962,4,11/23/2024
1239,1963,4,2/11/2025
1240,1964,4,7/22/2025
1241,1966,4,9/21/2025
1242,1967,3,1/26/2025
1243,1969,5,4/23/2024
1244,1970,3,6/26/2025
1245,1972,3,2/21/2025
1246,1977,4,2/1/2025
1247,1978,4,4/5/2025
1248,1979,4,5/18/2025
1249,1980,3,7/18/2024
1250,1981,3,1/28/2024
1251,1982,4,7/23/2024
1252,1983,5,8/8/2024
1253,1986,4,7/7/2024
1254,1987,4,10/27/2025
1255,1988,5,11/17/2024
1256,1989,4,2/9/2024
1257,1994,5,2/18/2025
1258,1995,5,3/23/2025
1259,1996,3,11/3/2024
1260,1997,5,1/2/2025
1261,2001,4,10/25/2025
1262,2004,4,3/5/2025
1263,2005,4,9/12/2024
1264,2006,5,9/1/2024
1265,2007,5,6/22/2025
1266,2009,5,4/21/2025
1267,2013,5,1/5/2025
1268,2014,5,10/16/2024
1269,2015,4,7/13/2025
1270,2016,4,7/20/2025
1271,2017,4,12/9/2024
1272,2018,5,6/14/2024
1273,2021,4,6/18/2024
1274,2022,5,4/22/2025
1275,2023,4,5/11/2025
1276,2028,3,5/24/2025
1277,2029,5,3/17/2024
1278,2030,5,3/22/2024
1279,2031,4,6/2/2024
1280,2032,5,8/18/2025
1281,2033,4,7/27/2024
1282,2034,4,6/11/2025
1283,2035,3,5/28/2025
1284,2036,4,2/19/2024
1285,2037,4,3/7/2024
1286,2038,4,3/28/2024
1287,2040,5,10/5/2025
1288,2041,5,11/20/2024
1289,2042,4,11/29/2024
1290,2043,4,3/17/2025
1291,2044,3,10/9/2025
1292,2045,5,10/7/2025
1293,2047,3,2/2/2025
1294,2049,4,3/27/2024
1295,2052,4,7/17/2024
1296,2054,5,6/16/2025
1297,2055,5,7/19/2025
1298,2057,5,6/24/2025
1299,2058,4,6/26/2025
1300,2059,5,9/16/2025
1301,2060,4,6/12/2024
1302,2062,5,7/26/2024
1303,2064,5,5/15/2024
1304,2065,4,10/13/2024
1305,2069,5,5/10/2024
1306,2070,5,11/17/2024
1307,2071,4,12/15/2024
1308,2075,5,6/4/2024
1309,2076,5,6/21/2024
1310,2077,3,4/8/2025
1311,2078,4,2/14/2024
1312,2079,4,3/9/2025
1313,2080,5,1/29/2024
1314,2081,5,8/2/2024
1315,2082,3,10/5/2024
1316,2090,4,7/5/2024
1317,2092,5,7/21/2025
1318,2094,4,10/29/2024
1319,2095,5,7/20/2024
1320,2096,5,11/2/2025
1321,2097,5,4/30/2025
1322,2099,4,6/22/2025
1323,2100,3,5/15/2024
1324,2102,5,4/5/2025
1325,2103,5,4/10/2025
1326,2105,4,10/29/2025
1327,2106,5,4/18/2024
1328,2107,4,4/13/2025
1329,2111,5,1/21/2025
1330,2112,5,8/27/2025
1331,2113,4,5/29/2024
1332,2115,4,12/4/2024
1333,2117,3,7/26/2025
1334,2122,5,11/13/2024
1335,2125,4,9/13/2025
1336,2127,5,4/23/2024
1337,2128,4,1/15/2025
1338,2130,4,9/13/2025
1339,2131,4,7/31/2024
1340,2132,5,2/22/2024
1341,2133,4,9/8/2024
1342,2134,4,9/20/2024
1343,2138,5,4/25/2025
1344,2140,5,3/30/2024
1345,2141,4,4/30/2024
1346,2142,4,7/16/2024
1347,2143,5,9/22/2024
1348,2144,5,9/14/2024
1349,2146,5,10/13/2025
1350,2148,4,11/28/2024
1351,2151,4,6/1/2025
1352,2152,4,6/25/2025
1353,2154,5,9/4/2025
1354,2158,5,10/18/2025
1355,2159,5,3/22/2024
1356,2160,5,5/8/2024
1357,2161,3,9/14/2024
1358,2164,4,9/16/2025
1359,2165,4,8/12/2025
1360,2166,4,7/26/2025
1361,2167,5,9/9/2025
1362,2168,4,12/22/2024
1363,2171,5,3/10/2024
1364,2174,4,9/10/2025
1365,2176,4,11/4/2025
1366,2177,4,6/24/2025
1367,2178,4,6/24/2025
1368,2180,4,7/16/2024
1369,2184,5,4/29/2024
1370,2185,5,6/13/2024
1371,2187,5,11/26/2024
1372,2188,4,1/15/2024
1373,2189,4,1/26/2024
1374,2192,4,5/22/2024
1375,2193,3,6/25/2024
1376,2194,4,7/12/2024
1377,2195,5,7/21/2024
1378,2198,4,8/1/2024
1379,2199,4,9/20/2024
1380,2200,4,8/12/2024
1381,2201,4,9/20/2025
1382,2202,5,10/22/2025
1383,2205,5,9/4/2024
1384,2206,5,4/18/2024
1385,2207,4,4/27/2024
1386,2208,5,6/27/2024
1387,2209,4,7/5/2024
1388,2210,5,10/23/2025
1389,2211,4,12/24/2025
1390,2212,3,7/13/2024
1391,2214,5,4/2/2024
1392,2215,5,4/28/2025
1393,2217,4,4/27/2024
1394,2219,5,2/19/2024
1395,2221,4,8/4/2024
1396,2222,3,10/22/2024
1397,2225,5,10/12/2024
1398,2226,4,10/3/2025
1399,2227,4,2/2/2024
1400,2229,4,11/1/2024
1401,2230,5,12/14/2024
1402,2231,3,3/31/2024
1403,2232,5,5/22/2024
1404,2233,4,6/12/2024
1405,2234,5,1/25/2024
1406,2235,5,3/27/2025
1407,2236,5,8/3/2024
1408,2237,4,10/1/2024
1409,2238,5,7/13/2025
1410,2244,3,2/22/2024
1411,2245,5,2/23/2025
1412,2246,5,3/9/2025
1413,2249,4,9/8/2025
1414,2250,4,3/6/2025
1415,2251,4,10/8/2024
1416,2253,4,4/2/2025
1417,2254,5,1/10/2025
1418,2255,4,8/11/2024
1419,2256,5,8/19/2024
1420,2257,5,8/31/2024
1421,2261,4,9/18/2025
1422,2262,5,8/27/2024
1423,2265,5,2/26/2024
1424,2268,4,9/29/2024
1425,2269,4,1/1/2025
1426,2270,4,11/22/2024
1427,2271,4,11/25/2024
1428,2272,4,10/31/2025
1429,2273,5,10/16/2025
1430,2274,5,7/20/2025
1431,2278,5,2/25/2024
1432,2279,3,4/1/2024
1433,2281,5,9/30/2024
1434,2283,4,1/25/2025
1435,2286,4,8/18/2025
1436,2287,5,5/5/2024
1437,2288,5,6/14/2024
1438,2289,5,9/26/2025
1439,2290,1,9/27/2024
1440,2291,4,3/25/2024
1441,2294,3,12/6/2024
1442,2295,4,1/13/2024
1443,2297,5,4/27/2024
1444,2298,4,1/13/2025
1445,2299,5,10/2/2025
1446,2300,4,6/14/2025
1447,2302,4,3/17/2025
1448,2303,4,5/8/2025
1449,2307,5,7/1/2025
1450,2309,3,1/11/2025
1451,2311,5,2/6/2025
1452,2313,2,6/30/2025
1453,2317,5,4/19/2025
1454,2318,5,5/23/2025
1455,2322,3,12/6/2024
1456,2324,4,7/11/2025
1457,2326,5,12/21/2024
1458,2328,3,3/3/2025
1459,2332,5,7/1/2025
1460,2335,5,8/22/2025
1461,2336,5,4/12/2024
1462,2338,4,3/27/2024
1463,2339,5,4/25/2024
1464,2342,5,12/11/2025
1465,2345,5,9/12/2025
1466,2346,5,5/30/2025
1467,2348,5,7/19/2025
1468,2349,4,7/7/2024
1469,2352,5,9/5/2024
1470,2353,3,9/14/2024
1471,2354,5,10/17/2024
1472,2355,3,9/16/2024
1473,2356,3,6/2/2025
1474,2358,4,11/22/2024
1475,2359,3,4/8/2024
1476,2363,5,6/7/2025
1477,2364,5,10/15/2024
1478,2365,4,6/23/2024
1479,2369,4,12/5/2025
1480,2370,4,12/8/2025
1481,2373,4,2/6/2025
1482,2374,5,5/21/2025
1483,2375,5,5/24/2025
1484,2377,4,11/9/2024
1485,2378,3,12/10/2024
1486,2381,4,7/13/2024
1487,2383,5,6/30/2025
1488,2385,4,3/11/2025
1489,2386,4,5/29/2025
1490,2387,4,6/4/2025
1491,2389,5,9/24/2024
1492,2390,5,12/24/2024
1493,2391,5,6/7/2025
1494,2392,4,3/18/2024
1495,2393,5,6/15/2024
1496,2396,4,5/2/2025
1497,2399,4,7/15/2024
1498,2400,4,10/24/2024
1499,2403,4,10/7/2025
1500,2404,4,10/21/2024
1501,2407,4,7/26/2025
1502,2408,4,1/17/2025
1503,2410,5,6/9/2024
1504,2414,4,6/20/2025
1505,2416,2,9/7/2025
1506,2417,5,11/22/2025
1507,2422,5,2/9/2024
1508,2423,3,9/28/2024
1509,2424,3,3/3/2025
1510,2425,5,3/6/2025
1511,2426,4,6/19/2025
1512,2429,4,2/15/2024
1513,2430,5,3/1/2024
1514,2431,5,3/9/2024
1515,2432,4,5/26/2024
1516,2433,4,6/22/2024
1517,2434,4,8/27/2024
1518,2435,5,5/10/2025
1519,2436,4,5/15/2025
1520,2437,5,10/12/2025
1521,2439,4,11/10/2025
1522,2440,4,10/14/2024
1523,2441,5,2/19/2025
1524,2442,5,7/28/2024
1525,2444,5,3/14/2024
1526,2448,5,8/19/2024
1527,2452,4,4/10/2024
1528,2453,4,9/21/2024
1529,2455,5,4/5/2025
1530,2456,4,9/14/2024
1531,2458,5,1/21/2025
1532,2460,5,8/29/2025
1533,2464,5,2/20/2024
1534,2467,4,8/29/2025
1535,2469,5,4/18/2024
1536,2470,4,9/3/2025
1537,2471,5,12/27/2024
1538,2473,4,7/3/2025
1539,2475,4,8/19/2025
1540,2476,5,2/13/2024
1541,2477,4,8/26/2024
1542,2478,4,6/17/2025
1543,2479,5,6/22/2025
1544,2481,5,6/7/2024
1545,2483,3,5/9/2025
1546,2484,5,9/9/2024
1547,2485,3,2/18/2025
1548,2486,5,7/4/2025
1549,2487,4,6/23/2024
1550,2489,4,5/3/2024
1551,2490,5,5/19/2024
1552,2491,3,10/10/2024
1553,2492,5,10/11/2024
1554,2494,4,6/26/2024
1555,2496,3,10/26/2024
1556,2497,4,9/25/2024
1557,2498,5,5/18/2024
1558,2503,5,7/12/2024
1559,2504,5,1/3/2025
1560,2505,4,9/4/2025
1561,2506,4,1/24/2025
1562,2507,4,6/13/2025
1563,2508,5,6/20/2025
1564,2509,5,8/10/2025
1565,2510,5,7/26/2024
1566,2511,5,4/17/2024
1567,2513,5,1/28/2024
1568,2516,4,1/25/2025
1569,2518,3,5/23/2024
1570,2519,4,3/8/2025
1571,2520,4,3/24/2025
1572,2522,4,5/23/2025
1573,2523,4,7/8/2024
1574,2524,5,7/7/2024
1575,2526,5,6/21/2024
1576,2528,5,5/30/2024
1577,2529,4,2/20/2025
1578,2530,4,8/17/2024
1579,2533,3,7/6/2024
1580,2534,5,9/28/2025
1581,2536,5,3/18/2025
1582,2537,5,9/29/2024
1583,2538,5,3/10/2025
1584,2540,4,3/2/2025
1585,2541,2,4/6/2025
1586,2542,4,4/29/2025
1587,2544,5,6/15/2025
1588,2546,5,7/24/2024
1589,2548,5,3/2/2024
1590,2550,4,5/3/2025
1591,2552,4,12/8/2024
1592,2553,4,4/30/2025
1593,2554,4,9/15/2024
1594,2556,4,2/2/2025
1595,2557,5,3/5/2025
1596,2558,4,5/7/2024
1597,2560,5,4/20/2025
1598,2561,5,12/7/2024
1599,2562,4,12/23/2024
1600,2563,5,2/6/2024
1601,2565,3,4/6/2024
1602,2567,3,6/17/2025
1603,2569,4,9/22/2025
1604,2570,5,11/14/2025
1605,2571,5,10/27/2024
1606,2572,3,11/13/2024
1607,2574,3,10/26/2025
1608,2576,4,12/27/2024
1609,2577,4,1/19/2025
1610,2579,5,5/28/2024
1611,2581,5,6/8/2025
1612,2583,5,5/23/2024
1613,2584,4,12/13/2024
1614,2586,4,8/29/2025
1615,2589,5,7/18/2025
1616,2591,5,1/21/2024
1617,2592,4,12/10/2024
1618,2593,5,12/15/2024
1619,2594,3,7/23/2024
1620,2595,5,5/17/2025
1621,2596,5,1/16/2024
1622,2597,4,12/7/2024
1623,2598,5,12/28/2024
1624,2600,5,12/7/2024
1625,2601,3,12/3/2024
1626,2602,4,12/9/2024
1627,2603,5,1/18/2024
1628,2605,4,9/16/2025
1629,2607,2,10/14/2024
1630,2608,5,3/4/2025
1631,2609,5,3/20/2025
1632,2610,4,2/18/2025
1633,2612,4,3/9/2025
1634,2613,4,1/7/2024
1635,2616,5,7/30/2024
1636,2620,5,1/21/2025
1637,2621,5,1/23/2024
1638,2622,4,3/29/2024
1639,2623,4,12/22/2024
1640,2624,4,4/19/2025
1641,2625,4,11/3/2025
1642,2626,3,5/17/2025
1643,2627,5,1/7/2025
1644,2628,4,3/30/2025
1645,2629,5,3/27/2025
1646,2630,3,3/4/2025
1647,2632,4,5/21/2024
1648,2635,3,2/6/2024
1649,2638,5,7/16/2024
1650,2641,5,10/30/2025
1651,2643,5,3/27/2025
1652,2644,4,3/31/2025
1653,2645,4,11/20/2024
1654,2646,5,3/20/2025
1655,2647,5,4/22/2025
1656,2649,4,7/3/2024
1657,2655,4,5/23/2024
1658,2656,4,8/26/2024
1659,2662,5,9/13/2024
1660,2665,5,6/4/2025
1661,2666,5,3/12/2025
1662,2669,4,3/11/2025
1663,2670,4,10/10/2024
1664,2671,5,11/13/2024
1665,2672,4,7/1/2025
1666,2675,5,6/3/2024
1667,2676,5,5/11/2024
1668,2677,5,1/12/2025
1669,2679,5,1/12/2025
1670,2680,5,1/25/2025
1671,2683,5,9/9/2025
1672,2686,5,4/30/2024
1673,2687,3,4/30/2024
1674,2688,5,5/29/2024
1675,2690,5,6/7/2024
1676,2692,3,2/14/2024
1677,2693,5,11/10/2024
1678,2694,4,2/3/2025
1679,2695,4,6/24/2025
1680,2696,3,1/21/2024
1681,2697,5,1/12/2025
1682,2698,4,1/25/2025
1683,2702,4,8/29/2024
1684,2703,5,8/27/2024
1685,2704,5,7/24/2025
1686,2705,5,8/4/2025
1687,2707,4,3/21/2025
1688,2709,3,5/26/2025
1689,2710,5,10/8/2024
1690,2717,4,10/14/2025
1691,2721,5,7/1/2024
1692,2723,5,2/16/2025
1693,2724,4,9/11/2025
1694,2725,3,9/10/2025
1695,2726,5,5/12/2024
1696,2731,5,8/18/2025
1697,2732,3,10/31/2024
1698,2733,5,10/4/2025
1699,2734,4,12/21/2024
1700,2735,4,3/22/2025
1701,2739,5,11/20/2024
1702,2741,4,6/20/2025
1703,2742,5,6/29/2025
1704,2744,3,3/8/2025
1705,2748,4,3/20/2025
1706,2749,3,8/16/2024
1707,2750,4,3/29/2024
1708,2751,4,4/1/2024
1709,2752,5,5/5/2024
1710,2753,5,6/30/2024
1711,2754,5,5/14/2025
1712,2755,4,3/16/2024
1713,2756,5,10/19/2025
1714,2759,4,12/24/2025
1715,2760,4,9/25/2025
1716,2762,4,3/15/2024
1717,2763,4,3/24/2024
1718,2764,4,12/13/2024
1719,2765,3,1/9/2025
1720,2766,5,12/22/2024
1721,2767,3,6/13/2024
1722,2768,4,7/31/2024
1723,2769,4,8/26/2025
1724,2770,5,9/1/2025
1725,2773,3,10/31/2025
1726,2774,3,4/18/2025
1727,2775,4,8/19/2024
1728,2776,4,11/17/2024
1729,2780,5,3/31/2024
1730,2781,4,11/6/2024
1731,2782,4,3/19/2025
1732,2783,3,5/25/2024
1733,2784,4,2/23/2024
1734,2785,5,3/12/2025
1735,2786,4,12/12/2024
1736,2790,4,12/20/2024
1737,2794,4,6/21/2025
1738,2797,5,10/24/2024
1739,2800,5,7/4/2024
1740,2801,5,7/7/2024
1741,2802,4,12/17/2024
1742,2803,5,10/28/2025
1743,2804,3,11/5/2025
1744,2805,3,4/21/2024
1745,2806,5,5/28/2024
1746,2807,4,9/27/2025
1747,2809,4,2/13/2025
1748,2811,5,6/27/2025
1749,2813,4,3/27/2024
1750,2814,5,5/18/2025
1751,2815,5,6/27/2025
1752,2817,5,5/18/2024
1753,2818,5,12/4/2024
1754,2819,4,12/6/2024
1755,2820,5,9/8/2024
1756,2821,5,7/14/2025
1757,2826,3,1/3/2025
1758,2827,2,2/9/2025
1759,2828,5,8/19/2024
1760,2829,4,10/30/2025
1761,2830,4,6/22/2025
1762,2832,5,9/4/2024
1763,2833,4,12/13/2024
1764,2834,4,2/14/2024
1765,2835,4,1/11/2024
1766,2836,5,2/5/2024
1767,2840,5,6/1/2025
1768,2841,4,5/16/2024
1769,2843,4,5/2/2025
1770,2844,5,12/12/2024
1771,2847,5,6/17/2025
1772,2849,4,7/9/2024
1773,2850,4,5/24/2025
1774,2851,3,6/2/2025
1775,2852,4,7/4/2025
1776,2855,4,4/27/2025
1777,2856,4,3/23/2025
1778,2857,5,2/10/2025
1779,2858,4,5/18/2025
1780,2859,4,7/9/2025
1781,2862,4,3/3/2024
1782,2863,4,10/20/2025
1783,2864,4,10/18/2025
1784,2866,4,10/2/2025
1785,2868,4,2/27/2024
1786,2869,3,5/19/2025
1787,2871,4,10/22/2024
1788,2872,4,1/20/2024
1789,2874,4,7/2/2025
1790,2876,5,10/5/2024
1791,2878,4,9/28/2025
1792,2879,4,1/24/2025
1793,2880,5,3/7/2025
1794,2882,5,5/4/2025
1795,2884,5,2/15/2024
1796,2885,5,6/6/2025
1797,2886,5,7/14/2024
1798,2887,4,6/25/2024
1799,2890,5,9/18/2025
1800,2891,5,5/23/2024
1801,2892,4,6/1/2024
1802,2893,4,6/10/2024
1803,2894,5,1/25/2025
1804,2895,4,2/7/2025
1805,2896,5,4/5/2025
1806,2898,4,8/5/2024
1807,2899,5,10/8/2024
1808,2901,4,10/11/2024
1809,2902,4,6/1/2024
1810,2903,2,6/22/2024
1811,2904,4,9/5/2025
1812,2905,5,10/28/2025
1813,2908,2,9/30/2024
1814,2910,5,5/13/2024
1815,2911,4,10/26/2025
1816,2912,4,9/22/2025
1817,2913,4,9/6/2025
1818,2916,5,9/30/2025
1819,2917,4,11/2/2025
1820,2920,4,4/12/2024
1821,2921,5,9/17/2025
1822,2922,4,1/19/2024
1823,2924,5,7/26/2024
1824,2925,4,3/15/2024
1825,2930,4,1/7/2025
1826,2932,5,5/1/2024
1827,2933,5,5/3/2024
1828,2934,4,9/30/2024
1829,2935,4,10/7/2024
1830,2936,5,9/8/2025
1831,2937,5,9/10/2025
1832,2938,5,5/9/2025
1833,2940,5,5/31/2025
1834,2941,3,11/5/2024
1835,2942,5,6/23/2024
1836,2943,5,1/15/2025
1837,2944,4,10/21/2025
1838,2945,5,10/23/2025
1839,2947,5,7/7/2025
1840,2949,5,5/31/2025
1841,2950,5,3/23/2024
1842,2951,2,5/1/2024
1843,2953,4,7/28/2024
1844,2956,4,8/2/2025
1845,2962,4,7/31/2024
1846,2963,4,7/7/2024
1847,2964,4,7/20/2024
1848,2965,5,4/8/2024
1849,2966,4,4/17/2024
1850,2968,4,4/25/2025
1851,2969,5,7/9/2024
1852,2970,4,8/13/2024
1853,2971,5,8/3/2024
1854,2973,5,5/13/2024
1855,2974,4,5/21/2024
1856,2975,4,11/7/2025
1857,2976,4,12/4/2025
1858,2978,3,10/4/2025
1859,2979,4,4/24/2024
1860,2980,3,1/21/2025
1861,2982,3,4/16/2024
1862,2983,4,8/26/2025
1863,2984,4,8/16/2025
1864,2986,4,8/9/2024
1865,2988,4,12/17/2024
1866,2989,5,4/15/2025
1867,2990,5,5/7/2025
1868,2991,3,6/4/2025
1869,2992,4,1/7/2025
1870,2995,4,5/29/2024
1871,2997,4,8/15/2024
1872,3002,5,5/13/2025
1873,3003,4,6/27/2025
1874,3005,4,7/9/2025
1875,3006,4,7/11/2024
1876,3007,5,10/2/2024
1877,3008,4,4/20/2025
1878,3009,3,9/17/2025
1879,3010,4,6/9/2025
1880,3012,4,4/21/2025
1881,3015,4,5/30/2024
1882,3018,5,8/28/2024
1883,3019,5,8/11/2025
1884,3021,5,5/23/2025
1885,3022,5,8/29/2025
1886,3023,4,7/12/2025
1887,3024,3,7/20/2025
1888,3025,5,10/1/2024
1889,3026,4,10/3/2024
1890,3027,4,10/17/2024
1891,3028,5,6/30/2024
1892,3029,4,7/14/2024
1893,3030,5,1/16/2024
1894,3031,4,6/9/2024
1895,3034,5,8/3/2025
1896,3036,5,7/8/2025
1897,3037,5,7/28/2025
1898,3038,4,8/30/2025
1899,3039,3,6/8/2025
1900,3040,3,6/24/2025
1901,3041,4,8/9/2024
1902,3044,5,8/15/2024
1903,3045,5,10/20/2024
1904,3046,4,5/18/2024
1905,3054,4,4/8/2025
1906,3056,5,4/28/2025
1907,3058,4,6/26/2025
1908,3060,3,12/12/2024
1909,3062,5,6/18/2024
1910,3063,5,9/15/2024
1911,3064,5,7/12/2024
1912,3065,3,8/7/2024
1913,3066,5,8/8/2024
1914,3068,5,8/30/2025
1915,3069,5,9/20/2025
1916,3070,5,1/31/2024
1917,3072,5,7/27/2025
1918,3073,4,7/13/2024
1919,3074,4,7/29/2024
1920,3077,4,7/10/2024
1921,3078,3,4/28/2024
1922,3079,3,3/11/2024
1923,3080,4,3/10/2024
1924,3081,5,11/26/2024
1925,3082,5,12/16/2024
1926,3083,5,1/5/2025
1927,3084,4,9/23/2025
1928,3086,4,1/4/2026
1929,3088,4,7/30/2024
1930,3094,3,1/25/2025
1931,3095,4,1/24/2025
1932,3096,4,2/14/2025
1933,3097,3,1/31/2025
1934,3098,5,8/31/2024
1935,3099,3,9/16/2025
1936,3100,4,6/7/2025
1937,3101,3,10/19/2024
1938,3103,5,4/11/2025
1939,3105,3,10/20/2024
1940,3106,5,10/15/2024
1941,3108,4,8/9/2024
1942,3109,4,4/4/2024
1943,3110,5,7/12/2025
1944,3111,4,5/8/2024
1945,3113,4,8/3/2025
1946,3114,4,5/3/2025
1947,3115,4,6/25/2024
1948,3116,3,1/29/2025
1949,3117,5,7/31/2024
1950,3118,5,8/31/2024
1951,3119,5,3/15/2025
1952,3121,5,7/21/2025
1953,3122,5,8/17/2024
1954,3124,5,3/5/2024
1955,3126,5,3/27/2025
1956,3129,4,12/24/2025
1957,3131,5,10/5/2024
1958,3132,4,3/28/2025
1959,3133,5,5/11/2025
1960,3138,5,4/9/2024
1961,3140,5,9/24/2025
1962,3143,4,4/11/2024
1963,3145,2,5/31/2025
1964,3147,2,12/11/2024
1965,3150,4,2/5/2024
1966,3153,5,9/7/2024
1967,3155,5,9/23/2025
1968,3157,5,2/19/2025
1969,3159,5,1/3/2025
1970,3160,5,5/10/2025
1971,3162,4,1/1/2025
1972,3166,4,7/11/2025
1973,3167,3,4/2/2025
1974,3168,5,3/27/2024
1975,3174,4,12/23/2024
1976,3175,5,4/19/2024
1977,3182,5,2/4/2025
1978,3184,4,12/23/2024
1979,3185,3,2/21/2025
1980,3190,4,3/1/2025
1981,3192,5,12/30/2024
1982,3195,4,7/30/2025
1983,3196,5,4/7/2024
1984,3197,4,4/15/2024
1985,3198,5,4/13/2024
1986,3200,3,8/31/2025
1987,3201,5,3/25/2025
1988,3202,4,1/30/2024
1989,3203,2,3/9/2024
1990,3204,5,10/21/2024
1991,3206,4,5/11/2025
1992,3207,5,11/9/2024
1993,3209,4,10/10/2025
1994,3210,5,5/12/2024
1995,3213,4,3/26/2025
1996,3217,5,5/19/2024
1997,3218,3,8/28/2025
1998,3219,4,5/2/2025
1999,3221,5,2/2/2025
2000,3222,5,8/21/2025
2001,3223,4,11/28/2024
2002,3225,4,3/15/2024
2003,3226,4,10/28/2025
2004,3232,3,6/19/2024
2005,3235,5,8/25/2024
2006,3236,4,9/25/2024
2007,3237,5,5/9/2025
2008,3238,3,3/11/2025
2009,3239,3,9/30/2024
2010,3240,4,9/13/2025
2011,3241,4,12/13/2024
2012,3243,5,3/20/2025
2013,3245,4,7/25/2024
2014,3248,4,11/26/2024
2015,3249,4,9/8/2025
2016,3251,5,6/23/2025
2017,3252,3,6/30/2025
2018,3253,4,12/2/2024
2019,3254,4,4/18/2024
2020,3258,3,5/22/2024
2021,3260,5,5/10/2024
2022,3261,5,5/26/2024
2023,3262,5,4/4/2024
2024,3263,5,10/19/2024
2025,3264,5,3/8/2024
2026,3265,4,7/8/2025
2027,3266,3,8/9/2025
2028,3268,5,7/20/2024
2029,3272,5,4/21/2024
2030,3273,4,5/26/2024
2031,3274,4,3/18/2025
2032,3275,4,3/28/2025
2033,3276,5,8/26/2024
2034,3278,3,8/11/2025
2035,3283,5,4/17/2025
2036,3285,2,9/28/2025
2037,3286,5,1/21/2024
2038,3287,4,2/6/2024
2039,3290,5,2/2/2024
2040,3291,4,3/2/2024
2041,3292,5,5/1/2024
2042,3294,3,8/30/2024
2043,3296,5,7/1/2024
2044,3298,5,7/16/2024
2045,3300,4,3/27/2024
2046,3301,4,10/27/2025
2047,3303,4,8/15/2024
2048,3305,5,3/18/2024
2049,3306,5,9/12/2024
2050,3309,3,9/18/2025
2051,3311,3,11/11/2024
2052,3313,4,11/30/2025
2053,3314,4,12/7/2025
2054,3316,3,5/29/2025
2055,3318,5,7/21/2024
2056,3319,4,3/14/2024
2057,3320,4,5/5/2024
2058,3321,5,5/16/2025
2059,3322,4,5/25/2025
2060,3325,4,5/2/2025
2061,3326,5,6/10/2025
2062,3328,4,3/23/2025
2063,3329,4,11/1/2024
2064,3330,5,3/25/2025
2065,3332,5,8/31/2024
2066,3333,3,5/14/2024
2067,3337,5,3/16/2024
2068,3339,5,1/9/2025
2069,3341,5,7/18/2025
2070,3343,4,3/20/2025
2071,3344,5,3/29/2024
2072,3345,4,9/11/2025
2073,3348,5,10/5/2025
2074,3351,4,7/7/2025
2075,3352,5,4/11/2025
2076,3354,4,5/16/2024
2077,3355,5,5/24/2024
2078,3358,4,3/5/2025
2079,3359,4,7/16/2025
2080,3360,3,9/11/2025
2081,3361,4,10/13/2025
2082,3362,5,7/3/2025
2083,3363,3,8/18/2025
2084,3364,5,6/11/2024
2085,3365,4,11/14/2024
2086,3366,4,4/29/2024
2087,3367,4,2/14/2025
2088,3371,4,12/1/2024
2089,3372,5,2/9/2025
2090,3373,3,2/25/2025
2091,3374,5,3/22/2025
2092,3377,5,4/27/2024
2093,3378,4,7/14/2024
2094,3379,5,3/23/2025
2095,3380,3,10/12/2024
2096,3381,3,8/3/2025
2097,3382,5,8/4/2025
2098,3384,4,5/4/2025
2099,3388,5,5/15/2025
2100,3390,4,7/6/2024
2101,3393,3,11/7/2024
2102,3394,4,11/13/2024
2103,3396,5,6/19/2025
2104,3398,5,6/22/2025
2105,3399,4,9/1/2025
2106,3400,4,5/17/2025
2107,3401,4,3/2/2024
2108,3402,4,3/3/2024
2109,3403,4,7/1/2025
2110,3404,4,7/20/2025
2111,3405,4,3/15/2024
2112,3406,3,9/17/2025
2113,3407,4,8/11/2025
2114,3408,4,6/27/2024
2115,3410,5,6/27/2025
2116,3411,4,7/12/2025
2117,3412,3,2/3/2025
2118,3413,3,11/28/2024
2119,3418,5,8/2/2024
2120,3420,5,1/20/2024
2121,3424,5,10/25/2025
2122,3428,5,1/25/2024
2123,3430,3,3/17/2025
2124,3433,5,3/28/2024
2125,3434,3,5/11/2025
2126,3435,2,10/21/2025
2127,3436,3,6/6/2024
2128,3437,3,12/19/2024
2129,3439,4,3/19/2025
2130,3440,5,5/23/2025
2131,3442,5,7/22/2024
2132,3444,3,2/25/2024
2133,3445,4,6/10/2024
2134,3446,3,8/4/2024
2135,3448,4,10/10/2024
2136,3449,5,6/26/2025
2137,3450,5,8/1/2025
2138,3454,5,8/6/2025
2139,3456,4,3/16/2024
2140,3457,4,2/5/2024
2141,3458,5,4/8/2024
2142,3459,4,7/7/2025
2143,3461,4,7/31/2025
2144,3462,5,11/6/2025
2145,3463,4,8/15/2024
2146,3464,5,8/16/2024
2147,3465,5,7/14/2024
2148,3467,4,5/16/2024
2149,3468,3,7/31/2025
2150,3472,5,9/25/2025
2151,3473,5,12/9/2024
2152,3474,5,6/7/2024
2153,3476,5,3/25/2024
2154,3477,5,8/7/2025
2155,3478,4,10/10/2025
2156,3479,5,2/23/2025
2157,3481,4,9/10/2025
2158,3482,3,9/17/2025
2159,3483,4,9/30/2025
2160,3484,5,6/24/2024
2161,3485,5,10/27/2025
2162,3487,5,8/19/2025
2163,3488,5,6/3/2025
2164,3489,3,6/8/2025
2165,3490,5,11/23/2024
2166,3492,5,10/18/2024
2167,3493,5,8/18/2025
2168,3495,4,3/21/2024
2169,3496,2,5/26/2024
2170,3498,4,12/14/2025
2171,3503,5,7/22/2024
2172,3505,3,12/23/2024
2173,3508,5,1/16/2024
2174,3509,3,8/9/2025
2175,3510,4,4/7/2024
2176,3511,5,8/21/2024
2177,3512,4,8/22/2024
2178,3515,5,5/11/2024
2179,3518,5,4/11/2024
2180,3521,5,9/23/2025
2181,3523,5,3/3/2024
2182,3524,5,7/11/2025
2183,3525,3,2/14/2024
2184,3527,5,8/3/2025
2185,3529,5,11/4/2025
2186,3531,4,11/13/2024
2187,3532,4,5/16/2025
2188,3534,4,7/21/2024
2189,3537,3,5/18/2025
2190,3538,3,3/25/2025
2191,3540,5,8/12/2025
2192,3543,3,9/11/2025
2193,3547,3,5/4/2024
2194,3549,4,8/25/2024
2195,3550,4,1/19/2024
2196,3551,4,10/4/2024
2197,3552,3,8/30/2025
2198,3553,5,10/9/2025
2199,3555,4,3/30/2025
2200,3557,5,6/4/2025
2201,3560,4,7/29/2024
2202,3561,5,6/28/2025
2203,3563,4,5/9/2024
2204,3564,4,7/1/2024
2205,3565,5,7/7/2024
2206,3566,4,3/10/2025
2207,3567,4,5/2/2024
2208,3569,4,6/19/2024
2209,3577,5,5/4/2024
2210,3579,5,7/15/2024
2211,3580,3,12/10/2024
2212,3581,5,9/7/2025
2213,3582,4,10/6/2025
2214,3584,3,8/21/2024
2215,3585,5,5/13/2024
2216,3587,4,11/19/2024
2217,3588,4,10/17/2025
2218,3589,3,12/11/2024
2219,3590,3,1/17/2025
2220,3592,5,5/6/2024
2221,3594,5,12/2/2024
2222,3599,5,5/14/2024
2223,3600,5,6/24/2024
2224,3601,4,12/12/2024
2225,3602,4,10/31/2025
2226,3607,5,7/17/2025
2227,3608,3,5/24/2025
2228,3609,3,6/10/2025
2229,3610,5,4/15/2024
2230,3611,3,7/17/2025
2231,3613,4,3/27/2024
2232,3614,5,6/20/2025
2233,3617,4,1/23/2024
2234,3619,4,6/10/2024
2235,3620,5,5/16/2024
2236,3621,5,5/21/2024
2237,3623,4,1/6/2025
2238,3625,3,1/19/2025
2239,3626,4,7/19/2025
2240,3627,2,4/27/2024
2241,3628,5,9/16/2025
2242,3629,5,9/27/2024
2243,3630,5,7/30/2024
2244,3632,5,6/4/2024
2245,3633,4,7/14/2024
2246,3634,5,9/6/2024
2247,3636,5,6/18/2025
2248,3638,4,6/12/2024
2249,3639,5,6/11/2024
2250,3641,5,3/17/2025
2251,3644,5,5/16/2024
2252,3645,3,4/4/2025
2253,3646,5,10/6/2024
2254,3647,5,8/12/2025
2255,3648,4,7/3/2024
2256,3649,4,8/17/2024
2257,3650,4,10/11/2025
2258,3651,4,2/26/2024
2259,3652,5,7/28/2025
2260,3653,4,11/3/2025
2261,3654,5,12/28/2024
2262,3656,5,1/7/2025
2263,3657,5,1/29/2025
2264,3658,5,3/5/2025
2265,3659,3,10/4/2025
2266,3660,3,2/21/2024
2267,3661,5,11/8/2024
2268,3662,5,11/10/2024
2269,3663,3,12/12/2024
2270,3666,4,5/14/2024
2271,3667,4,7/4/2024
2272,3668,5,7/17/2025
2273,3669,5,8/20/2025
2274,3671,5,9/25/2024
2275,3673,4,5/3/2024
2276,3675,3,4/17/2025
2277,3676,4,10/4/2025
2278,3677,4,6/2/2024
2279,3678,4,3/31/2025
2280,3679,4,7/26/2024
2281,3680,3,6/16/2024
2282,3681,5,7/6/2024
2283,3682,4,5/13/2025
2284,3683,5,5/19/2024
2285,3684,4,6/7/2024
2286,3685,4,12/6/2024
2287,3687,4,8/29/2024
2288,3688,4,12/9/2024
2289,3689,5,11/3/2025
2290,3690,5,4/4/2024
2291,3692,5,6/14/2024
2292,3694,5,3/6/2025
2293,3695,5,3/12/2025
2294,3696,5,7/21/2024
2295,3697,5,7/31/2024
2296,3698,5,6/14/2024
2297,3701,3,6/30/2025
2298,3705,5,11/7/2024
2299,3706,5,8/3/2025
2300,3707,4,8/24/2025
2301,3708,4,3/19/2025
2302,3709,4,4/9/2025
2303,3711,5,3/19/2024
2304,3712,4,4/18/2024
2305,3713,5,4/6/2025
2306,3714,5,4/13/2025
2307,3715,5,6/18/2025
2308,3719,4,9/20/2025
2309,3720,4,10/18/2025
2310,3721,5,10/20/2024
2311,3722,3,7/26/2025
2312,3724,5,9/13/2025
2313,3725,5,5/20/2024
2314,3726,4,7/19/2025
2315,3727,4,7/20/2025
2316,3729,4,9/12/2025
2317,3731,4,10/14/2025
2318,3732,4,10/19/2024
2319,3733,5,10/31/2025
2320,3735,4,8/17/2025
2321,3736,5,4/8/2025
2322,3737,3,7/16/2025
2323,3742,5,8/1/2024
2324,3743,3,12/13/2024
2325,3746,4,3/5/2025
2326,3748,3,5/21/2024
2327,3750,5,7/10/2024
2328,3753,4,10/12/2024
2329,3754,4,7/20/2025
2330,3755,4,7/28/2025
2331,3756,5,7/10/2024
2332,3757,4,9/30/2024
2333,3759,5,6/4/2025
2334,3761,4,11/4/2025
2335,3762,5,11/24/2025
2336,3763,5,3/23/2024
2337,3764,4,4/1/2024
2338,3767,5,5/27/2025
2339,3769,5,5/26/2024
2340,3770,4,7/20/2024
2341,3771,4,9/10/2024
2342,3772,4,12/31/2024
2343,3773,4,10/16/2024
2344,3775,4,6/16/2025
2345,3777,3,8/12/2025
2346,3779,5,7/8/2024
2347,3780,4,5/6/2024
2348,3781,4,7/13/2024
2349,3782,5,9/8/2024
2350,3783,4,12/21/2024
2351,3784,5,1/4/2025
2352,3785,3,3/23/2025
2353,3786,4,1/14/2025
2354,3788,4,3/18/2024
2355,3789,4,3/22/2024
2356,3792,3,7/29/2025
2357,3793,5,1/24/2024
2358,3795,4,6/9/2024
2359,3796,4,6/23/2024
2360,3800,4,1/3/2025
2361,3801,4,10/15/2025
2362,3802,3,3/27/2025
2363,3803,3,3/20/2024
2364,3807,5,7/17/2024
2365,3809,5,2/12/2025
2366,3810,3,1/20/2025
2367,3812,5,6/22/2025
2368,3813,3,7/12/2025
2369,3814,3,10/24/2024
2370,3816,5,1/22/2024
2371,3817,3,10/8/2024
2372,3818,5,1/29/2025
2373,3819,4,4/12/2024
2374,3820,5,6/18/2025
2375,3821,4,9/29/2025
2376,3824,2,7/5/2024
2377,3825,5,2/15/2025
2378,3826,4,6/1/2024
2379,3827,4,6/16/2024
2380,3830,5,3/1/2025
2381,3832,3,9/22/2025
2382,3834,2,7/14/2025
2383,3836,5,6/13/2025
2384,3838,4,1/20/2024
2385,3840,5,1/3/2025
2386,3841,5,5/4/2024
2387,3842,4,9/1/2024
2388,3844,3,7/4/2024
2389,3845,4,7/29/2024
2390,3846,4,6/15/2025
2391,3847,4,7/14/2025
2392,3849,5,10/29/2025
2393,3857,5,5/21/2024
2394,3859,5,1/31/2024
2395,3860,4,10/14/2025
2396,3861,5,1/20/2024
2397,3862,4,3/30/2024
2398,3863,4,12/3/2024
2399,3864,5,1/31/2025
2400,3865,5,10/4/2025
2401,3866,4,10/17/2025
2402,3867,5,11/9/2024
2403,3869,4,10/3/2024
2404,3874,4,1/22/2024
2405,3875,4,4/18/2024
2406,3876,2,6/15/2025
2407,3877,4,10/22/2025
2408,3880,5,10/30/2025
2409,3881,5,11/20/2025
2410,3882,3,11/15/2024
2411,3883,4,6/9/2025
2412,3884,5,8/26/2025
2413,3885,5,10/24/2025
2414,3887,4,8/5/2024
2415,3889,3,1/17/2024
2416,3890,4,3/20/2024
2417,3893,4,5/6/2025
2418,3894,5,5/8/2025
2419,3896,4,11/5/2024
2420,3897,3,6/20/2025
2421,3899,5,4/3/2025
2422,3901,4,9/3/2024
2423,3902,5,11/11/2024
2424,3904,4,4/30/2025
2425,3906,5,8/8/2024
2426,3907,5,9/15/2024
2427,3908,4,5/28/2024
2428,3910,3,5/22/2024
2429,3911,4,2/23/2025
2430,3913,3,11/2/2024
2431,3914,4,9/9/2024
2432,3915,5,7/12/2025
2433,3916,3,4/3/2024
2434,3917,5,4/7/2024
2435,3920,3,1/20/2025
2436,3921,5,3/1/2025
2437,3923,5,1/14/2025
2438,3924,3,2/3/2025
2439,3926,3,11/1/2025
2440,3932,4,11/25/2024
2441,3933,4,12/1/2024
2442,3934,4,7/21/2025
2443,3935,3,10/5/2024
2444,3936,5,5/1/2024
2445,3937,3,9/11/2024
2446,3939,4,3/7/2024
2447,3940,3,3/17/2024
2448,3941,4,1/25/2025
2449,3942,2,2/19/2024
2450,3943,5,3/25/2025
2451,3944,3,4/22/2025
2452,3945,4,4/23/2025
2453,3946,4,1/24/2024
2454,3947,5,2/7/2024
2455,3949,5,12/27/2024
2456,3950,4,1/13/2025
2457,3951,3,11/7/2024
2458,3956,5,7/2/2024
2459,3957,4,7/3/2025
2460,3958,5,1/31/2024
2461,3959,4,3/2/2024
2462,3960,5,3/6/2024
2463,3962,4,8/27/2024
2464,3964,4,12/13/2024
2465,3966,4,8/13/2025
2466,3968,4,8/11/2025
2467,3970,5,8/23/2024
2468,3971,5,10/21/2024
2469,3972,4,8/6/2024
2470,3974,5,6/16/2025
2471,3975,4,8/12/2025
2472,3976,5,8/20/2024
2473,3977,5,8/15/2024
2474,3983,4,9/23/2025
2475,3984,4,4/7/2024
2476,3985,4,8/12/2025
2477,3989,4,2/2/2025
2478,3991,4,3/19/2025
2479,3992,5,6/29/2024
2480,3993,4,7/22/2024
2481,3994,4,5/25/2024
2482,3996,5,7/19/2024
2483,3997,4,7/14/2024
2484,4000,5,8/19/2024
2485,4002,2,6/21/2024
2486,4003,4,7/12/2024
2487,4006,4,12/29/2025
2488,4007,5,2/20/2024
2489,4008,4,8/7/2024
2490,4010,4,10/15/2024
2491,4012,5,10/17/2024
2492,4013,5,11/11/2024
2493,4014,3,12/17/2024
2494,4015,3,6/4/2024
2495,4017,5,6/22/2025
2496,4018,4,3/4/2024
2497,4019,4,6/3/2024
2498,4021,5,7/12/2024
2499,4026,5,7/7/2024
2500,4029,5,9/21/2024
2501,4030,3,4/8/2024
2502,4032,5,9/11/2024
2503,4033,4,9/19/2024
2504,4035,5,3/23/2025
2505,4036,4,8/19/2025
2506,4037,4,5/2/2024
2507,4038,5,6/21/2024
2508,4039,4,11/1/2025
2509,4040,5,8/21/2025
2510,4041,5,8/17/2025
2511,4045,3,10/9/2025
2512,4047,4,10/29/2024
2513,4048,5,4/2/2024
2514,4050,4,1/28/2024
2515,4051,3,6/8/2024
2516,4052,5,9/19/2024
2517,4055,4,7/20/2024
2518,4056,5,7/29/2024
2519,4057,5,12/1/2024
2520,4059,5,7/4/2025
2521,4062,4,4/11/2025
2522,4063,5,12/5/2024
2523,4064,5,6/21/2024
2524,4068,5,10/30/2025
2525,4069,4,11/8/2025
2526,4070,4,11/23/2025
2527,4072,5,10/6/2025
2528,4074,5,2/16/2024
2529,4075,3,4/3/2024
2530,4077,5,12/28/2024
2531,4082,3,9/22/2025
2532,4084,5,2/6/2024
2533,4085,5,2/23/2024
2534,4086,3,5/3/2024
2535,4087,2,3/11/2025
2536,4088,4,4/8/2025
2537,4089,4,11/3/2025
2538,4092,4,5/20/2025
2539,4093,4,8/29/2024
2540,4094,5,8/29/2024
2541,4095,5,10/22/2024
2542,4098,3,8/15/2024
2543,4099,4,8/27/2024
2544,4100,5,5/8/2025
2545,4101,4,4/14/2025
2546,4103,3,11/5/2025
2547,4105,5,5/30/2024
2548,4106,4,7/16/2024
2549,4107,3,9/20/2024
2550,4108,4,10/11/2024
2551,4110,4,9/16/2025
2552,4111,3,12/14/2024
2553,4113,5,7/7/2025
2554,4114,4,11/3/2024
2555,4115,5,12/30/2024
2556,4117,5,8/29/2025
2557,4118,5,12/31/2024
2558,4121,4,1/25/2025
2559,4122,5,6/11/2025
2560,4124,5,6/21/2025
2561,4125,4,10/19/2024
2562,4127,5,11/14/2024
2563,4128,4,4/12/2024
2564,4129,3,7/27/2024
2565,4130,4,5/6/2025
2566,4132,5,11/17/2024
2567,4133,5,9/14/2025
2568,4134,5,9/16/2025
2569,4136,3,1/13/2025
2570,4138,5,8/18/2025
2571,4140,4,3/27/2024
2572,4141,3,2/23/2024
2573,4142,5,3/27/2024
2574,4143,5,3/5/2025
2575,4145,5,7/5/2025
2576,4146,4,3/23/2024
2577,4148,4,6/2/2024
2578,4149,3,7/28/2025
2579,4150,4,4/20/2024
2580,4151,4,7/27/2024
2581,4152,4,4/19/2024
2582,4153,5,11/9/2024
2583,4154,4,11/29/2024
2584,4156,4,9/19/2025
2585,4157,4,10/22/2025
2586,4158,5,12/1/2025
2587,4159,4,1/22/2025
2588,4160,3,2/19/2025
2589,4161,4,10/22/2025
2590,4162,4,12/17/2025
2591,4163,4,2/6/2025
2592,4164,5,4/22/2025
2593,4167,4,8/26/2025
2594,4168,3,7/7/2024
2595,4170,5,6/12/2025
2596,4172,4,2/5/2025
2597,4173,4,1/15/2024
2598,4175,4,6/29/2024
2599,4176,5,7/27/2024
2600,4178,5,11/10/2024
2601,4179,5,8/8/2024
2602,4180,4,9/10/2025
2603,4182,2,3/4/2025
2604,4183,5,3/14/2025
2605,4184,5,4/14/2024
2606,4187,3,8/4/2025
2607,4188,4,11/10/2024
2608,4190,3,11/21/2025
2609,4191,4,6/4/2025
2610,4192,4,6/13/2025
2611,4193,5,3/9/2024
2612,4195,4,10/4/2025
2613,4196,5,8/18/2024
2614,4198,4,4/24/2024
2615,4199,3,3/11/2025
2616,4200,4,4/9/2025
2617,4203,4,3/20/2025
2618,4206,4,8/5/2024
2619,4208,5,12/5/2024
2620,4209,5,8/18/2025
2621,4210,2,10/2/2025
2622,4211,4,3/14/2024
2623,4212,4,3/28/2024
2624,4213,3,6/4/2025
2625,4216,4,7/13/2024
2626,4217,4,1/12/2025
2627,4218,4,9/14/2024
2628,4221,5,2/1/2025
2629,4222,5,2/1/2025
2630,4224,5,4/28/2024
2631,4225,5,7/19/2025
2632,4228,4,4/4/2025
2633,4231,4,10/30/2024
2634,4232,5,6/9/2024
2635,4234,5,6/1/2024
2636,4237,5,3/18/2024
2637,4238,3,4/21/2024
2638,4239,5,7/21/2024
2639,4240,5,8/11/2024
2640,4241,4,7/21/2025
2641,4243,5,4/28/2025
2642,4244,3,9/13/2024
2643,4248,4,1/11/2025
2644,4250,5,7/26/2025
2645,4254,3,2/13/2025
2646,4255,5,2/14/2025
2647,4256,5,4/29/2025
2648,4258,4,1/6/2025
2649,4259,4,1/17/2025
2650,4261,5,4/11/2025
2651,4262,3,6/30/2025
2652,4263,5,4/3/2025
2653,4264,3,4/18/2025
2654,4267,4,3/3/2025
2655,4271,5,4/28/2024
2656,4272,2,5/29/2025
2657,4273,5,10/8/2025
2658,4274,5,12/15/2025
2659,4275,3,8/19/2025
2660,4277,4,4/20/2025
2661,4278,3,2/26/2024
2662,4281,5,4/5/2025
2663,4282,5,9/7/2024
2664,4285,4,6/10/2024
2665,4290,4,7/6/2024
2666,4291,5,2/11/2024
2667,4292,5,12/3/2024
2668,4293,4,2/15/2025
2669,4294,5,2/24/2025
2670,4295,5,2/17/2024
2671,4297,5,8/1/2024
2672,4298,5,3/9/2024
2673,4299,3,3/3/2025
2674,4302,4,1/30/2024
2675,4304,3,1/9/2025
2676,4306,3,11/11/2024
2677,4308,4,1/10/2024
2678,4309,5,4/24/2024
2679,4310,5,3/12/2025
2680,4311,4,5/1/2024
2681,4312,3,8/14/2025
2682,4313,5,8/26/2025
2683,4316,4,7/31/2025
2684,4318,5,3/1/2024
2685,4319,4,5/16/2024
2686,4321,5,3/19/2024
2687,4322,5,3/31/2024
2688,4323,3,9/1/2024
2689,4325,5,8/22/2024
2690,4326,4,4/8/2025
2691,4328,5,6/10/2025
